Month,Day,PM10,25km,25km_2d,25km_3d,25km_7d,50km,50km_2d,50km_3d,50km_7d,100km,100km_2d,100km_3d,100km_7d,25km_2d+1,25km_3d+1,25km_7d+1,50km_2d+1,50km_3d+1,50km_7d+1,100km_2d+1,100km_3d+1,100km_7d+1,log_pm10,log_50km7d
May,1,NA,0,NA,NA,NA,0,NA,NA,NA,0,NA,NA,NA,NA,NA,NA,NA,NA,NA,NA,NA,NA,NA,NA
May,2,NA,0,0,NA,NA,0,0,NA,NA,0,0,NA,NA,NA,NA,NA,NA,NA,NA,NA,NA,NA,NA,NA
May,3,NA,0,0,0,NA,0,0,0,NA,1,1,1,NA,NA,NA,NA,NA,NA,NA,NA,NA,NA,NA,NA
May,4,NA,0,0,0,NA,0,0,0,NA,0,1,1,NA,NA,NA,NA,NA,NA,NA,NA,NA,NA,NA,NA
May,5,NA,0,0,0,NA,0,0,0,NA,0,0,1,NA,NA,NA,NA,NA,NA,NA,NA,NA,NA,NA,NA
May,6,NA,0,0,0,NA,0,0,0,NA,0,0,0,NA,NA,NA,NA,NA,NA,NA,NA,NA,NA,NA,NA
May,7,NA,0,0,0,0,0,0,0,0,0,0,0,1,1,1,1,1,1,1,1,1,2,NA,0
May,8,NA,0,0,0,0,0,0,0,0,0,0,0,1,1,1,1,1,1,1,1,1,2,NA,0
May,9,NA,0,0,0,0,0,0,0,0,0,0,0,1,1,1,1,1,1,1,1,1,2,NA,0
May,10,36.181,0,0,0,0,0,0,0,0,0,0,0,0,1,1,1,1,1,1,1,1,1,1.558480566,0
May,11,NA,0,0,0,0,0,0,0,0,0,0,0,0,1,1,1,1,1,1,1,1,1,NA,0
May,12,NA,0,0,0,0,0,0,0,0,0,0,0,0,1,1,1,1,1,1,1,1,1,NA,0
May,13,10.607,0,0,0,0,0,0,0,0,0,0,0,0,1,1,1,1,1,1,1,1,1,1.025592569,0
May,14,16.155,0,0,0,0,0,0,0,0,1,1,1,1,1,1,1,1,1,1,2,2,2,1.208306962,0
May,15,18.423,0,0,0,0,0,0,0,0,0,1,1,1,1,1,1,1,1,1,2,2,2,1.265360352,0
May,16,18.959,0,0,0,0,0,0,0,0,0,0,1,1,1,1,1,1,1,1,1,2,2,1.277815427,0
May,17,25.533,0,0,0,0,0,0,0,0,0,0,0,1,1,1,1,1,1,1,1,1,2,1.407101845,0
May,18,16.57,0,0,0,0,0,0,0,0,0,0,0,1,1,1,1,1,1,1,1,1,2,1.219322508,0
May,19,36.635,0,0,0,0,0,0,0,0,0,0,0,1,1,1,1,1,1,1,1,1,2,1.563896196,0
May,20,25.929,0,0,0,0,0,0,0,0,0,0,0,1,1,1,1,1,1,1,1,1,2,1.413785768,0
May,21,22.285,0,0,0,0,0,0,0,0,0,0,0,0,1,1,1,1,1,1,1,1,1,1.348012638,0
May,22,22.684,0,0,0,0,0,0,0,0,0,0,0,0,1,1,1,1,1,1,1,1,1,1.355719639,0
May,23,18.565,0,0,0,0,0,0,0,0,0,0,0,0,1,1,1,1,1,1,1,1,1,1.268694954,0
May,24,14.701,0,0,0,0,0,0,0,0,0,0,0,0,1,1,1,1,1,1,1,1,1,1.167346878,0
May,25,17.55,0,0,0,0,0,0,0,0,0,0,0,0,1,1,1,1,1,1,1,1,1,1.244277121,0
May,26,30.789,0,0,0,0,0,0,0,0,1,1,1,1,1,1,1,1,1,1,2,2,2,1.488395584,0
May,27,25.258,0,0,0,0,0,0,0,0,0,1,1,1,1,1,1,1,1,1,2,2,2,1.402398959,0
May,28,38.263,1,1,1,1,1,1,1,1,3,3,4,4,2,2,2,2,2,2,4,5,5,1.582779018,0.301029996
May,29,24.428,0,1,1,1,0,1,1,1,1,4,4,5,2,2,2,2,2,2,5,5,6,1.387887911,0.301029996
May,30,23.765,1,1,2,2,1,1,2,2,1,2,5,6,2,3,3,2,3,3,3,6,7,1.375937819,0.477121255
May,31,24.567,0,1,1,2,0,1,1,2,0,1,2,6,2,2,3,2,2,3,2,3,7,1.390352126,0.477121255
June,1,27.874,0,0,1,2,0,0,1,2,0,0,1,6,1,2,3,1,2,3,1,2,7,1.445199296,0.477121255
June,2,13.877,0,0,0,2,0,0,0,2,0,0,0,5,1,1,3,1,1,3,1,1,6,1.142295588,0.477121255
June,3,33.334,0,0,0,2,0,0,0,2,0,0,0,5,1,1,3,1,1,3,1,1,6,1.522887431,0.477121255
June,4,19.053,0,0,0,1,0,0,0,1,0,0,0,2,1,1,2,1,1,2,1,1,3,1.279963367,0.301029996
June,5,31.11,0,0,0,1,0,0,0,1,0,0,0,1,1,1,2,1,1,2,1,1,2,1.492900011,0.301029996
June,6,21.838,0,0,0,0,0,0,0,0,2,2,2,2,1,1,1,1,1,1,3,3,3,1.339212862,0
June,7,22.609,0,0,0,0,0,0,0,0,0,2,2,2,1,1,1,1,1,1,3,3,3,1.354281354,0
June,8,16.838,0,0,0,0,0,0,0,0,0,0,2,2,1,1,1,1,1,1,1,3,3,1.226290505,0
June,9,23.553,0,0,0,0,0,0,0,0,0,0,0,2,1,1,1,1,1,1,1,1,3,1.372046232,0
June,10,12.605,0,0,0,0,0,0,0,0,0,0,0,2,1,1,1,1,1,1,1,1,3,1.10054285,0
June,11,20.446,0,0,0,0,0,0,0,0,0,0,0,2,1,1,1,1,1,1,1,1,3,1.310608356,0
June,12,31.292,0,0,0,0,0,0,0,0,0,0,0,2,1,1,1,1,1,1,1,1,3,1.495433322,0
June,13,16.772,0,0,0,0,0,0,0,0,0,0,0,0,1,1,1,1,1,1,1,1,1,1.224584854,0
June,14,7.1575,0,0,0,0,0,0,0,0,0,0,0,0,1,1,1,1,1,1,1,1,1,0.854761357,0
June,15,26.272,0,0,0,0,0,0,0,0,0,0,0,0,1,1,1,1,1,1,1,1,1,1.419493135,0
June,16,36.83,0,0,0,0,0,0,0,0,0,0,0,0,1,1,1,1,1,1,1,1,1,1.566201719,0
June,17,26.063,0,0,0,0,0,0,0,0,0,0,0,0,1,1,1,1,1,1,1,1,1,1.416024404,0
June,18,25.178,0,0,0,0,0,0,0,0,0,0,0,0,1,1,1,1,1,1,1,1,1,1.401021229,0
June,19,14.767,0,0,0,0,0,0,0,0,0,0,0,0,1,1,1,1,1,1,1,1,1,1.169292275,0
June,20,23.058,0,0,0,0,0,0,0,0,3,3,3,3,1,1,1,1,1,1,4,4,4,1.362821635,0
June,21,22.734,0,0,0,0,0,0,0,0,3,6,6,6,1,1,1,1,1,1,7,7,7,1.356675856,0
June,22,34.323,0,0,0,0,0,0,0,0,0,3,6,6,1,1,1,1,1,1,4,7,7,1.53558524,0
June,23,31.282,0,0,0,0,0,0,0,0,0,0,3,6,1,1,1,1,1,1,1,4,7,1.495294512,0
June,24,18.919,0,0,0,0,1,1,1,1,2,2,2,8,1,1,1,2,2,2,3,3,9,1.276898177,0.301029996
June,25,21.075,0,0,0,0,0,1,1,1,1,3,3,9,1,1,1,2,2,2,4,4,10,1.323767583,0.301029996
June,26,14.431,0,0,0,0,0,0,1,1,2,3,5,11,1,1,1,1,2,2,4,6,12,1.159296427,0.301029996
June,27,29.071,1,1,1,1,1,1,1,2,3,5,6,11,2,2,2,2,2,3,6,7,12,1.463459971,0.477121255
June,28,32.274,1,2,2,2,1,2,2,3,9,12,14,17,3,3,3,3,3,4,13,15,18,1.508852795,0.602059991
June,29,13.409,2,3,4,4,3,4,5,6,6,15,18,23,4,5,5,5,6,7,16,19,24,1.127396391,0.84509804
June,30,NA,0,2,3,4,0,3,4,6,0,6,15,23,3,4,5,4,5,7,7,16,24,NA,0.84509804
July,1,NA,1,1,3,5,1,1,4,6,3,3,9,24,2,4,6,2,5,7,4,10,25,NA,0.84509804
July,2,NA,0,1,1,5,0,1,1,6,0,3,3,23,2,2,6,2,2,7,4,4,24,NA,0.84509804
July,3,NA,0,0,1,5,1,1,2,7,10,10,13,31,1,2,6,2,3,8,11,14,32,NA,0.903089987
July,4,NA,0,0,0,4,1,2,2,7,6,16,16,34,1,1,5,3,3,8,17,17,35,NA,0.903089987
July,5,NA,0,0,0,3,2,3,4,8,15,21,31,40,1,1,4,4,5,9,22,32,41,NA,0.954242509
July,6,NA,1,1,1,2,1,3,4,6,6,21,27,40,2,2,3,4,5,7,22,28,41,NA,0.84509804
July,7,NA,1,2,2,3,1,2,4,7,6,12,27,46,3,3,4,3,5,8,13,28,47,NA,0.903089987
July,8,NA,6,7,8,8,14,15,16,20,40,46,52,83,8,9,9,16,17,21,47,53,84,NA,1.322219295
July,9,NA,0,6,7,8,0,14,15,20,0,40,46,83,7,8,9,15,16,21,41,47,84,NA,1.322219295
July,10,NA,7,7,13,15,9,9,23,28,15,15,55,88,8,14,16,10,24,29,16,56,89,NA,1.462397998
July,11,NA,0,7,7,15,0,9,9,27,0,15,15,82,8,8,16,10,10,28,16,16,83,NA,1.447158031
July,12,NA,0,0,7,15,1,1,10,26,16,16,31,83,1,8,16,2,11,27,17,32,84,NA,1.431363764
July,13,18.155,0,0,0,14,0,1,1,25,12,28,28,89,1,1,15,2,2,26,29,29,90,1.258996253,1.414973348
July,14,NA,2,2,2,15,3,3,4,27,10,22,38,93,3,3,16,4,5,28,23,39,94,NA,1.447158031
July,15,NA,3,5,5,12,4,7,7,17,13,23,35,66,6,6,13,8,8,18,24,36,67,NA,1.255272505
July,16,NA,4,7,9,16,4,8,11,21,10,23,33,76,8,10,17,9,12,22,24,34,77,NA,1.342422681
July,17,NA,4,8,11,13,7,11,15,19,25,35,48,86,9,12,14,12,16,20,36,49,87,NA,1.301029996
July,18,NA,0,4,8,13,0,7,11,19,0,25,35,86,5,9,14,8,12,20,26,36,87,NA,1.301029996
July,19,NA,1,1,5,14,1,1,8,19,31,31,56,101,2,6,15,2,9,20,32,57,102,NA,1.301029996
July,20,NA,0,1,1,14,0,1,1,19,4,35,35,93,2,2,15,2,2,20,36,36,94,NA,1.301029996
July,21,NA,0,0,1,12,2,2,3,18,5,9,40,88,1,2,13,3,4,19,10,41,89,NA,1.278753601
July,22,NA,4,4,4,13,7,9,9,21,8,13,17,83,5,5,14,10,10,22,14,18,84,NA,1.342422681
July,23,27.464,1,5,5,10,1,8,10,18,4,12,17,77,6,6,11,9,11,19,13,18,78,1.43876379,1.278753601
July,24,38.541,0,1,5,6,0,1,8,11,9,13,21,61,2,6,7,2,9,12,14,22,62,1.585922979,1.079181246
July,25,37.259,0,0,1,6,0,0,1,11,0,9,13,61,1,2,7,1,2,12,10,14,62,1.571231195,1.079181246
July,26,78.88,3,3,3,8,4,4,4,14,12,12,21,42,4,4,9,5,5,15,13,22,43,1.896966902,1.176091259
July,27,37.017,0,3,3,8,0,4,4,14,2,14,14,40,4,4,9,5,5,15,15,15,41,1.568401219,1.176091259
July,28,32.411,2,2,5,10,2,2,6,14,9,11,23,44,3,6,11,3,7,15,12,24,45,1.510692431,1.176091259
July,29,41.546,0,2,2,6,0,2,2,7,1,10,12,37,3,3,7,3,3,8,11,13,38,1.618529217,0.903089987
July,30,48.667,2,2,4,7,2,2,4,8,13,14,23,46,3,5,8,3,5,9,15,24,47,1.687234576,0.954242509
July,31,35.856,2,4,4,9,3,5,5,11,8,21,22,45,5,5,10,6,6,12,22,23,46,1.554561839,1.079181246
August,1,45.307,0,2,4,9,0,3,5,11,0,8,21,45,3,5,10,4,6,12,9,22,46,1.656165306,1.079181246
August,2,39.016,1,1,3,7,6,6,9,13,19,19,27,52,2,4,8,7,10,14,20,28,53,1.591242743,1.146128036
August,3,44.89,0,1,1,7,0,6,6,13,0,19,19,50,2,2,8,7,7,14,20,20,51,1.652149605,1.146128036
August,4,45.309,6,6,7,11,8,8,14,19,34,34,53,75,7,8,12,9,15,20,35,54,76,1.656184477,1.301029996
August,5,54.93,2,8,8,13,2,10,10,21,10,44,44,84,9,9,14,11,11,22,45,45,85,1.739809599,1.342422681
August,6,74.823,2,4,10,13,9,11,19,28,27,37,71,98,5,11,14,12,20,29,38,72,99,1.874035117,1.462397998
August,7,71.775,16,18,20,27,35,44,46,60,93,120,130,183,19,21,28,45,47,61,121,131,184,1.855973201,1.785329835
August,8,88.47,14,30,32,41,14,49,58,74,27,120,147,210,31,33,42,50,59,75,121,148,211,1.946796027,1.875061263
August,9,91.127,17,31,47,57,24,38,73,92,48,75,168,239,32,48,58,39,74,93,76,169,240,1.959647073,1.968482949
August,10,88.996,5,22,36,62,5,29,43,97,32,80,107,271,23,37,63,30,44,98,81,108,272,1.949370487,1.991226076
August,11,84.011,23,28,45,79,37,42,66,126,84,116,164,321,29,46,80,43,67,127,117,165,322,1.924336154,2.103803721
August,12,96.791,0,23,28,77,0,37,42,124,0,84,116,311,24,29,78,38,43,125,85,117,312,1.985834977,2.096910013
August,13,61.607,13,13,36,88,15,15,52,130,64,64,148,348,14,37,89,16,53,131,65,149,349,1.789630061,2.117271296
August,14,108.05,3,16,16,75,3,18,18,98,15,79,79,270,17,17,76,19,19,99,80,80,271,2.033624771,1.995635195
August,15,76.985,1,4,17,62,5,8,23,89,59,74,138,302,5,18,63,9,24,90,75,139,303,1.886406114,1.954242509
August,16,122.19,36,37,40,81,50,55,58,115,179,238,253,433,38,41,82,56,59,116,239,254,434,2.087035665,2.064457989
August,17,173.83,12,48,49,88,16,66,71,126,43,222,281,444,49,50,89,67,72,127,223,282,445,2.24012473,2.103803721
August,18,154.25,29,41,77,94,35,51,101,124,118,161,340,478,42,78,95,52,102,125,162,341,479,2.188225173,2.096910013
August,19,157.12,3,32,44,97,3,38,54,127,19,137,180,497,33,45,98,39,55,128,138,181,498,2.19623147,2.10720997
August,20,198.6,37,40,69,121,65,68,103,177,192,211,329,625,41,70,122,69,104,178,212,330,626,2.297979244,2.250420002
August,21,234.19,3,40,43,121,8,73,76,182,33,225,244,643,41,44,122,74,77,183,226,245,644,2.369568347,2.26245109
August,22,255.54,57,60,97,177,87,95,160,264,186,219,411,770,61,98,178,96,161,265,220,412,771,2.40745889,2.423245874
August,23,287.28,20,77,80,161,36,123,131,250,83,269,302,674,78,81,162,124,132,251,270,303,675,2.458305392,2.399673721
August,24,253.34,24,44,101,173,43,79,166,277,101,184,370,732,45,102,174,80,167,278,185,371,733,2.403703766,2.444044796
August,25,307.9,24,48,68,168,44,87,123,286,166,267,350,780,49,69,169,88,124,287,268,351,781,2.488409689,2.457881897
August,26,258.7,4,28,52,169,4,48,91,287,14,180,281,775,29,53,170,49,92,288,181,282,776,2.412796429,2.459392488
August,27,175.22,6,10,34,138,6,10,54,228,33,47,213,616,11,35,139,11,55,229,48,214,617,2.243583676,2.359835482
August,28,81.625,0,6,10,135,0,6,10,220,1,34,48,584,7,11,136,7,11,221,35,49,585,1.911823194,2.344392274
August,29,165.99,19,19,25,97,41,41,47,174,172,173,206,570,20,26,98,42,48,175,174,207,571,2.220081925,2.243038049
August,30,324.52,13,32,32,90,35,76,76,173,124,296,297,611,33,33,91,77,77,174,297,298,612,2.511241467,2.240549248
August,31,279.37,16,29,48,82,61,96,137,191,251,375,547,761,30,49,83,97,138,192,376,548,762,2.446179768,2.283301229
September,1,604.7,11,27,40,69,38,99,134,185,132,383,507,727,28,41,70,100,135,186,384,508,728,2.781539969,2.269512944
September,2,NA,9,20,36,74,39,77,138,220,137,269,520,850,21,37,75,78,139,221,270,521,851,NA,2.344392274
September,3,NA,1,10,21,69,41,80,118,255,212,349,481,1029,11,22,70,81,119,256,350,482,1030,NA,2.408239965
September,4,NA,4,5,14,73,11,52,91,266,46,258,395,1074,6,15,74,53,92,267,259,396,1075,NA,2.426511261
September,5,NA,31,35,36,85,58,69,110,283,201,247,459,1103,36,37,86,70,111,284,248,460,1104,NA,2.45331834
September,6,464.15,0,31,35,72,0,58,69,248,7,208,254,986,32,36,73,59,70,249,209,255,987,2.666658355,2.396199347
September,7,514.76,25,25,56,81,59,59,117,246,296,303,504,1031,26,57,82,60,118,247,304,505,1032,2.711604792,2.392696953
September,8,738.98,36,61,61,106,82,141,141,290,433,729,736,1332,62,62,107,142,142,291,730,737,1333,2.868632685,2.463892989
September,9,NA,36,72,97,133,86,168,227,337,291,724,1020,1486,73,98,134,169,228,338,725,1021,1487,NA,2.5289167
September,10,1181.7,4,40,76,136,26,112,194,322,180,471,904,1454,41,77,137,113,195,323,472,905,1455,3.072507236,2.509202522
September,11,812.02,0,4,40,132,6,32,118,317,14,194,485,1422,5,41,133,33,119,318,195,486,1423,2.909566726,2.50242712
September,12,584.86,12,12,16,113,35,41,67,294,134,148,328,1355,13,17,114,42,68,295,149,329,1356,2.76705192,2.469822016
September,13,296.84,1,13,13,114,5,40,46,299,85,219,233,1433,14,14,115,41,47,300,220,234,1434,2.472522423,2.477121255
September,14,NA,117,118,130,206,162,167,202,402,698,783,917,1835,119,131,207,168,203,403,784,918,1836,NA,2.605305046
September,15,NA,0,117,118,170,3,165,170,323,130,828,913,1532,118,119,171,166,171,324,829,914,1533,NA,2.51054501
September,16,NA,31,31,148,165,44,47,209,281,141,271,969,1382,32,149,166,48,210,282,272,970,1383,NA,2.450249108
September,17,NA,5,36,36,166,5,49,52,260,96,237,367,1298,37,37,167,50,53,261,238,368,1299,NA,2.416640507
September,18,563.81,18,23,54,184,26,31,75,280,109,205,346,1393,24,55,185,32,76,281,206,347,1394,2.751132774,2.44870632
September,19,506.06,47,65,70,219,68,94,99,313,193,302,398,1452,66,71,220,95,100,314,303,399,1453,2.704202011,2.496929648
September,20,744.15,29,76,94,247,47,115,141,355,145,338,447,1512,77,95,248,116,142,356,339,448,1513,2.871660486,2.551449998
September,21,787.81,172,201,248,302,292,339,407,485,829,974,1167,1643,202,249,303,340,408,486,975,1168,1644,2.896421489,2.686636269
September,22,1555.4,0,172,201,302,1,293,340,483,19,848,993,1532,173,202,303,294,341,484,849,994,1533,3.191842095,2.684845362
September,23,1478.8,135,135,307,406,273,274,566,712,964,983,1812,2355,136,308,407,275,567,713,984,1813,2356,3.169909442,2.85308953
September,24,NA,0,135,135,401,1,274,275,708,27,991,1010,2286,136,136,402,275,276,709,992,1011,2287,NA,2.850646235
September,25,920.01,38,38,173,421,65,66,339,747,155,182,1146,2332,39,174,422,67,340,748,183,1147,2333,2.963792548,2.873901598
September,26,529.84,2,40,40,376,3,68,69,682,18,173,200,2157,41,41,377,69,70,683,174,201,2158,2.724144742,2.834420704
September,27,1165.1,8,10,48,355,8,11,76,643,40,58,213,2052,11,49,356,12,77,644,59,214,2053,3.066363202,2.808885867
September,28,462.87,10,18,20,193,11,19,22,362,50,90,108,1273,19,21,194,20,23,363,91,109,1274,2.665459034,2.559906625
September,29,1067.9,4,14,22,197,4,15,23,365,4,54,94,1258,15,23,198,16,24,366,55,95,1259,3.028530587,2.563481085
September,30,566.52,36,40,50,98,48,52,63,140,173,177,227,467,41,51,99,53,64,141,178,228,468,2.753215246,2.149219113
October,1,880.13,0,36,40,98,0,48,52,139,7,180,184,447,37,41,99,49,53,140,181,185,448,2.944546825,2.146128036
October,2,1163.8,132,132,168,192,184,184,232,258,464,471,644,756,133,169,193,185,233,259,472,645,757,3.065878353,2.413299764
October,3,1399.9,0,132,132,190,0,184,184,255,0,464,471,738,133,133,191,185,185,256,465,472,739,3.146097014,2.408239965
October,4,1305.6,33,33,165,215,48,48,232,295,127,127,591,825,34,166,216,49,233,296,128,592,826,3.115810141,2.471291711
October,5,1039.1,39,72,72,244,52,100,100,336,97,224,224,872,73,73,245,101,101,337,225,225,873,3.016657345,2.527629901
October,6,555.03,1,40,73,241,1,53,101,333,4,101,228,872,41,74,242,54,102,334,102,229,873,2.744316458,2.523746467
October,7,531.33,71,72,111,276,134,135,187,419,365,369,466,1064,73,112,277,136,188,420,370,467,1065,2.725364338,2.62324929
October,8,540.58,8,79,80,284,11,145,146,430,41,406,410,1098,80,81,285,146,147,431,407,411,1099,2.732859974,2.63447727
October,9,756.83,102,110,181,254,213,224,358,459,549,590,955,1183,111,182,255,225,359,460,591,956,1184,2.878998339,2.662757832
October,10,1061.7,0,102,110,254,0,213,224,459,6,555,596,1189,103,111,255,214,225,460,556,597,1190,3.026001817,2.662757832
October,11,483.37,3,3,105,224,5,5,218,416,20,26,575,1082,4,106,225,6,219,417,27,576,1083,2.684279693,2.620136055
October,12,843.39,7,10,10,192,10,15,15,374,54,74,80,1039,11,11,193,16,16,375,75,81,1040,2.926028447,2.574031268
October,13,760.7,27,34,37,218,35,45,50,408,86,140,160,1121,35,38,219,46,51,409,141,161,1122,2.881213416,2.611723308
October,14,602.14,223,250,257,370,327,362,372,601,1057,1143,1197,1813,251,258,371,363,373,602,1144,1198,1814,2.779697478,2.779596491
October,15,810.83,36,259,286,398,57,384,419,647,99,1156,1242,1871,260,287,399,385,420,648,1157,1243,1872,2.908929809,2.811575006
October,16,1166.7,192,228,451,488,296,353,680,730,785,884,1941,2107,229,452,489,354,681,731,885,1942,2108,3.066959198,2.863917377
October,17,1042.1,0,192,228,488,0,296,353,730,18,803,902,2119,193,229,489,297,354,731,804,903,2120,3.017909396,2.863917377
October,18,981.55,13,13,205,498,16,16,312,741,183,201,986,2282,14,206,499,17,313,742,202,987,2283,2.991912427,2.870403905
October,19,1480.4,32,45,45,523,126,142,142,857,516,699,717,2744,46,46,524,143,143,858,700,718,2745,3.170379076,2.933487288
October,20,1828.9,20,52,65,516,33,159,175,855,115,631,814,2773,53,66,517,160,176,856,632,815,2774,3.26218996,2.932473765
October,21,NA,34,54,86,327,82,115,241,610,197,312,828,1913,55,87,328,116,242,611,313,829,1914,NA,2.78604121
October,22,1393.7,0,34,54,291,0,82,115,553,4,201,316,1818,35,55,292,83,116,554,202,317,1819,3.1441693,2.743509765
October,23,1400.7,95,95,129,194,190,190,272,447,540,544,741,1573,96,130,195,191,273,448,545,742,1574,3.146345129,2.651278014
October,24,1291.9,0,95,95,194,0,190,190,447,8,548,552,1563,96,96,195,191,191,448,549,553,1564,3.111228898,2.651278014
October,25,1208.4,99,99,194,280,114,114,304,545,362,370,910,1742,100,195,281,115,305,546,371,911,1743,3.082210717,2.737192643
October,26,941.64,10,109,109,258,30,144,144,449,130,492,500,1356,110,110,259,145,145,450,493,501,1357,2.973884899,2.653212514
October,27,891.16,0,10,109,238,0,30,144,416,4,134,496,1245,11,110,239,31,145,417,135,497,1246,2.949955685,2.620136055
October,28,405.18,0,0,10,204,10,10,40,344,69,73,203,1117,1,11,205,11,41,345,74,204,1118,2.607648,2.537819095
October,29,231.11,0,0,0,204,0,10,10,344,0,69,73,1113,1,1,205,11,11,345,70,74,1114,2.363818738,2.537819095
October,30,169.37,0,0,0,109,0,0,10,154,1,1,70,574,1,1,110,1,11,155,2,71,575,2.228836488,2.190331698
October,31,147.89,0,0,0,109,0,0,0,154,0,1,1,566,1,1,110,1,1,155,2,2,567,2.169938809,2.190331698
November,1,113.49,0,0,0,10,0,0,0,40,3,3,4,207,1,1,11,1,1,41,4,5,208,2.054957596,1.612783857
November,2,74.519,0,0,0,0,0,0,0,10,0,3,3,77,1,1,1,1,1,11,4,4,78,1.872267018,1.041392685
November,3,90.474,8,8,8,8,8,8,8,18,33,33,36,106,9,9,9,9,9,19,34,37,107,1.956523792,1.278753601
November,4,83.959,2,10,10,10,2,10,10,10,16,49,49,53,11,11,11,11,11,11,50,50,54,1.924067257,1.041392685
November,5,124.35,0,2,10,10,0,2,10,10,0,16,49,53,3,11,11,3,11,11,17,50,54,2.09464579,1.041392685
November,6,81.263,5,5,7,15,5,5,7,15,8,8,24,60,6,8,16,6,8,16,9,25,61,1.909892851,1.204119983
November,7,25.755,0,5,5,15,0,5,5,15,0,8,8,60,6,6,16,6,6,16,9,9,61,1.410861554,1.204119983
November,8,26.794,0,0,5,15,0,0,5,15,2,2,10,59,1,6,16,1,6,16,3,11,60,1.428037553,1.204119983
November,9,NA,0,0,0,15,0,0,0,15,1,3,3,60,1,1,16,1,1,16,4,4,61,NA,1.204119983
November,10,NA,0,0,0,7,0,0,0,7,0,1,3,27,1,1,8,1,1,8,2,4,28,NA,0.903089987
November,11,NA,0,0,0,5,1,1,1,6,3,3,4,14,1,1,6,2,2,7,4,5,15,NA,0.84509804
November,12,NA,0,0,0,5,0,1,1,6,0,3,3,14,1,1,6,2,2,7,4,4,15,NA,0.84509804
November,13,NA,0,0,0,0,0,0,1,1,9,9,12,15,1,1,1,1,2,2,10,13,16,NA,0.301029996
November,14,NA,0,0,0,0,0,0,0,1,0,9,9,15,1,1,1,1,1,2,10,10,16,NA,0.301029996
November,15,NA,0,0,0,0,0,0,0,1,5,5,14,18,1,1,1,1,1,2,6,15,19,NA,0.301029996
November,16,NA,0,0,0,0,0,0,0,1,0,5,5,17,1,1,1,1,1,2,6,6,18,NA,0.301029996
November,17,NA,0,0,0,0,0,0,0,1,0,0,5,17,1,1,1,1,1,2,1,6,18,NA,0.301029996
November,18,NA,0,0,0,0,0,0,0,0,0,0,0,14,1,1,1,1,1,1,1,1,15,NA,0
November,19,NA,0,0,0,0,0,0,0,0,0,0,0,14,1,1,1,1,1,1,1,1,15,NA,0
November,20,66.398,0,0,0,0,0,0,0,0,1,1,1,6,1,1,1,1,1,1,2,2,7,1.822154998,0
November,21,70.113,0,0,0,0,0,0,0,0,0,1,1,6,1,1,1,1,1,1,2,2,7,1.84579855,0
November,22,71.729,3,3,3,3,4,4,4,4,8,8,9,9,4,4,4,5,5,5,9,10,10,1.855694776,0.698970004
November,23,47.456,0,3,3,3,0,4,4,4,0,8,8,9,4,4,4,5,5,5,9,9,10,1.676291129,0.698970004
November,24,43.848,0,0,3,3,0,0,4,4,0,0,8,9,1,4,4,1,5,5,1,9,10,1.641949789,0.698970004
November,25,61.364,0,0,0,3,0,0,0,4,1,1,1,10,1,1,4,1,1,5,2,2,11,1.787913661,0.698970004
November,26,59.344,0,0,0,3,0,0,0,4,0,1,1,10,1,1,4,1,1,5,2,2,11,1.773376816,0.698970004
November,27,58.402,0,0,0,3,0,0,0,4,3,3,4,12,1,1,4,1,1,5,4,5,13,1.76642772,0.698970004
November,28,49.258,0,0,0,3,0,0,0,4,0,3,3,12,1,1,4,1,1,5,4,4,13,1.692476774,0.698970004
November,29,52.024,0,0,0,0,0,0,0,0,0,0,3,4,1,1,1,1,1,1,1,4,5,1.716203741,0
November,30,21.803,0,0,0,0,0,0,0,0,0,0,0,4,1,1,1,1,1,1,1,1,5,1.338516255,0
December,1,47.48,0,0,0,0,0,0,0,0,0,0,0,4,1,1,1,1,1,1,1,1,5,1.67651071,0
December,2,29.095,0,0,0,0,0,0,0,0,1,1,1,4,1,1,1,1,1,1,2,2,5,1.463818362,0
December,3,41.536,0,0,0,0,0,0,0,0,0,1,1,4,1,1,1,1,1,1,2,2,5,1.618424671,0
December,4,39.009,0,0,0,0,0,0,0,0,0,0,1,1,1,1,1,1,1,1,1,2,2,1.591164817,0
December,5,52.068,0,0,0,0,0,0,0,0,0,0,0,1,1,1,1,1,1,1,1,1,2,1.716570896,0
December,6,49.697,0,0,0,0,0,0,0,0,2,2,2,3,1,1,1,1,1,1,3,3,4,1.696330173,0
December,7,32.153,0,0,0,0,0,0,0,0,0,2,2,3,1,1,1,1,1,1,3,3,4,1.507221501,0
December,8,55.524,0,0,0,0,0,0,0,0,1,1,3,4,1,1,1,1,1,1,2,4,5,1.744480746,0
December,9,44.901,0,0,0,0,0,0,0,0,0,1,1,3,1,1,1,1,1,1,2,2,4,1.652256013,0
December,10,37.443,0,0,0,0,0,0,0,0,0,0,1,3,1,1,1,1,1,1,1,2,4,1.573370638,0
December,11,32.435,0,0,0,0,0,0,0,0,0,0,0,3,1,1,1,1,1,1,1,1,4,1.511013902,0
December,12,24.724,0,0,0,0,0,0,0,0,0,0,0,3,1,1,1,1,1,1,1,1,4,1.393118735,0
December,13,27.753,0,0,0,0,0,0,0,0,0,0,0,1,1,1,1,1,1,1,1,1,2,1.443309936,0
December,14,43.411,0,0,0,0,0,0,0,0,0,0,0,1,1,1,1,1,1,1,1,1,2,1.63759979,0
December,15,16.103,0,0,0,0,0,0,0,0,0,0,0,0,1,1,1,1,1,1,1,1,1,1.206906793,0
December,16,NA,0,0,0,0,0,0,0,0,0,0,0,0,1,1,1,1,1,1,1,1,1,NA,0
December,17,22.997,0,0,0,0,0,0,0,0,0,0,0,0,1,1,1,1,1,1,1,1,1,1.361671185,0
December,18,35.691,0,0,0,0,0,0,0,0,0,0,0,0,1,1,1,1,1,1,1,1,1,1.552558716,0
December,19,66.261,0,0,0,0,0,0,0,0,4,4,4,4,1,1,1,1,1,1,5,5,5,1.821257986,0
December,20,44.115,0,0,0,0,0,0,0,0,2,6,6,6,1,1,1,1,1,1,7,7,7,1.644586284,0
December,21,52.635,0,0,0,0,0,0,0,0,0,2,6,6,1,1,1,1,1,1,3,7,7,1.721274627,0
December,22,47.132,0,0,0,0,0,0,0,0,4,4,6,10,1,1,1,1,1,1,5,7,11,1.673315869,0
December,23,49.116,0,0,0,0,0,0,0,0,0,4,4,10,1,1,1,1,1,1,5,5,11,1.691222991,0
December,24,31.725,0,0,0,0,0,0,0,0,0,0,4,10,1,1,1,1,1,1,1,5,11,1.501401631,0
December,25,8.6135,0,0,0,0,0,0,0,0,0,0,0,10,1,1,1,1,1,1,1,1,11,0.935179658,0
December,26,36.708,0,0,0,0,0,0,0,0,6,6,6,12,1,1,1,1,1,1,7,7,13,1.564760723,0
December,27,38.968,0,0,0,0,0,0,0,0,1,7,7,11,1,1,1,1,1,1,8,8,12,1.590708117,0
December,28,21.524,0,0,0,0,0,0,0,0,0,1,7,11,1,1,1,1,1,1,2,8,12,1.332922983,0
December,29,9.6395,0,0,0,0,0,0,0,0,0,0,1,7,1,1,1,1,1,1,1,2,8,0.984054508,0
December,30,46.482,0,0,0,0,0,0,0,0,0,0,0,7,1,1,1,1,1,1,1,1,8,1.667284806,0
December,31,36.932,0,0,0,0,0,0,0,0,0,0,0,7,1,1,1,1,1,1,1,1,8,1.567402827,0